{
  "view/App.view.xml": 1753083836588,
  "controller/DetailView.controller.js": 1753354819711,
  "controller/HomeView.controller.js": 1753084684077,
  "model/models.js": 1753083836584,
  "controller/App.controller.js": 1753083836584,
  "manifest.json": 1753084578945,
  "Component.js": 1753083836556,
  "Component-dbg.js": 1753083836556,
  "Component.js.map": 1753360455878,
  "controller/HomeView-dbg.controller.js": 1753084684077,
  "controller/HomeView.controller.js.map": 1753360455881,
  "model/models-dbg.js": 1753083836584,
  "model/models.js.map": 1753360455857,
  "controller/App-dbg.controller.js": 1753083836584,
  "controller/App.controller.js.map": 1753360455861,
  "controller/DetailView-dbg.controller.js": 1753354819711,
  "controller/DetailView.controller.js.map": 1753360455880,
  "Component-preload.js": 1753360456115,
  "Component-preload.js.map": 1753360456115,
  "view/HomeView.view.xml": 1753095631081,
  "view/DetailView.view.xml": 1753360367236,
  "i18n/i18n.properties": 1753098320619,
  "css/style.css": 1753105591880,
  "index.html": 1753083836556
}