{
  "model/models-dbg.js": 1753083836584,
  "manifest.json": 1753084578945,
  "controller/HomeView.controller.js": 1753084684077,
  "controller/DetailView.controller.js": 1753880804500,
  "controller/App.controller.js": 1753083836584,
  "model/models.js": 1753083836584,
  "Component.js": 1753083836556,
  "controller/App-dbg.controller.js": 1753083836584,
  "controller/App.controller.js.map": 1753880840573,
  "controller/DetailView-dbg.controller.js": 1753880804500,
  "controller/DetailView.controller.js.map": 1753880840596,
  "controller/HomeView-dbg.controller.js": 1753084684077,
  "controller/HomeView.controller.js.map": 1753880840576,
  "i18n/i18n.properties": 1753098320619,
  "model/models.js.map": 1753880840573,
  "Component-dbg.js": 1753083836556,
  "Component.js.map": 1753880840575,
  "Component-preload.js": 1753880840737,
  "Component-preload.js.map": 1753880840737,
  "view/HomeView.view.xml": 1753878020568,
  "view/DetailView.view.xml": 1753877272808,
  "view/App.view.xml": 1753083836588,
  "css/style.css": 1753105591880,
  "index.html": 1753083836556
}