{
  "Component.js": 1753083836556,
  "controller/DetailView.controller.js": 1753182266709,
  "controller/HomeView.controller.js": 1753084684077,
  "controller/App.controller.js": 1753083836584,
  "model/models.js": 1753083836584,
  "manifest.json": 1753084578945,
  "i18n/i18n.properties": 1753098320619,
  "controller/App-dbg.controller.js": 1753083836584,
  "controller/App.controller.js.map": 1753353240812,
  "controller/HomeView-dbg.controller.js": 1753084684077,
  "controller/HomeView.controller.js.map": 1753353240813,
  "controller/DetailView-dbg.controller.js": 1753182266709,
  "controller/DetailView.controller.js.map": 1753353240826,
  "model/models-dbg.js": 1753083836584,
  "model/models.js.map": 1753353240813,
  "Component-dbg.js": 1753083836556,
  "Component.js.map": 1753353240815,
  "Component-preload.js": 1753353241033,
  "Component-preload.js.map": 1753353241033,
  "view/HomeView.view.xml": 1753095631081,
  "view/DetailView.view.xml": 1753352963557,
  "view/App.view.xml": 1753083836588,
  "css/style.css": 1753105591880,
  "index.html": 1753083836556
}